IATA,ICAO,Name,Country,Display_Label
OG,,1-2-go,Thailand,1-2-go (OG) - Thailand
12,N12,12 North,India,12 North (12) - India
1T,RNX,1Time Airline,South Africa,1Time Airline (1T) - South Africa
Q5,MLA,40-Mile Air,United States,40-Mile Air (Q5) - United States
47,VVN,88,Cyprus,88 (47) - Cyprus
M3,TUS,ABSA - Aerolinhas Brasileiras,Brazil,ABSA - Aerolinhas Brasileiras (M3) - Brazil
Z7,ADK,ADC Airlines,Nigeria,ADC Airlines (Z7) - Nigeria
I3,,ATA Airlines (Iran),Iran,ATA Airlines (Iran) (I3) - Iran
V8,VAS,ATRAN Cargo Airlines,Russian Federation,ATRAN Cargo Airlines (V8) - Russian Federation
J6,AOC,AVCOM,Russia,AVCOM (J6) - Russia
1B,,Abacus International,Singapore,Abacus International (1B) - Singapore
K5,ABE,Aban Air,Iran,Aban Air (K5) - Iran
W9,AAB,Abelag Aviation,Belgium,Abelag Aviation (W9) - Belgium
MO,AUH,Abu Dhabi Amiri Flight,United Arab Emirates,Abu Dhabi Amiri Flight (MO) - United Arab Emirates
ZA,CYD,Access Air,United States,Access Air (ZA) - United States
ZY,ADE,Ada Air,Albania,Ada Air (ZY) - Albania
JP,ADR,Adria Airways,Slovenia,Adria Airways (JP) - Slovenia
4G,,Advance Leasing Company,United States,Advance Leasing Company (4G) - United States
A3,AEE,Aegean Airlines,Greece,Aegean Airlines (A3) - Greece
RE,REA,Aer Arann,Ireland,Aer Arann (RE) - Ireland
EI,EIN,Aer Lingus,Ireland,Aer Lingus (EI) - Ireland
EE,EAY,Aero Airlines,Estonia,Aero Airlines (EE) - Estonia
E4,RSO,Aero Asia International,Pakistan,Aero Asia International (E4) - Pakistan
EM,AEB,Aero Benin,Benin,Aero Benin (EM) - Benin
JR,SER,Aero California,Mexico,Aero California (JR) - Mexico
Q6,CDP,Aero Condor Peru,Peru,Aero Condor Peru (Q6) - Peru
AJ,NIG,Aero Contractors,Nigeria,Aero Contractors (AJ) - Nigeria
GV,ARF,Aero Flight,Germany,Aero Flight (GV) - Germany
QL,RLN,Aero Lanka,Sri Lanka,Aero Lanka (QL) - Sri Lanka
YP,AEF,Aero Lloyd,Germany,Aero Lloyd (YP) - Germany
M0,MNG,Aero Mongolia,Mongolia,Aero Mongolia (M0) - Mongolia
W4,BES,Aero Services Executive,France,Aero Services Executive (W4) - France
2D,AOG,Aero VIP,Argentina,Aero VIP (2D) - Argentina
DW,UCR,Aero-Charter Ukraine,Ukraine,Aero-Charter Ukraine (DW) - Ukraine
BF,RSR,Aero-Service,Republic of the Congo,Aero-Service (BF) - Republic of the Congo
HC,ATI,Aero-Tropics Air Services,Australia,Aero-Tropics Air Services (HC) - Australia
P5,RPB,AeroRep,Colombia,AeroRep (P5) - Colombia
2B,ARD,Aerocondor,Portugal,Aerocondor (2B) - Portugal
SU,AFL,Aeroflot,Russia,Aeroflot (SU) - Russia
D9,DNV,Aeroflot-Don,Russia,Aeroflot-Don (D9) - Russia
5N,AUL,Aeroflot-Nord,Russia,Aeroflot-Nord (5N) - Russia
3S,,Aeroland Airways,Greece,Aeroland Airways (3S) - Greece
XL,LNE,Aerolane,Ecuador,Aerolane (XL) - Ecuador
7E,AWU,Aeroline GmbH,Germany,Aeroline GmbH (7E) - Germany
AR,ARG,Aerolineas Argentinas,Argentina,Aerolineas Argentinas (AR) - Argentina
2K,GLG,Aerolineas Galapagos (Aerogal),Ecuador,Aerolineas Galapagos (Aerogal) (2K) - Ecuador
5D,SLI,Aerolitoral,Mexico,Aerolitoral (5D) - Mexico
BQ,ROM,Aeromar,Dominican Republic,Aeromar (BQ) - Dominican Republic
VW,TAO,Aeromar,Mexico,Aeromar (VW) - Mexico
AM,AMX,Aeromexico,Mexico,Aeromexico (AM) - Mexico
QO,MPX,Aeromexpress,Mexico,Aeromexpress (QO) - Mexico
HT,AHW,Aeromist-Kharkiv,Ukraine,Aeromist-Kharkiv (HT) - Ukraine
OT,PEL,Aeropelican Air Services,Australia,Aeropelican Air Services (OT) - Australia
PL,PLI,Aeroper,Peru,Aeroper (PL) - Peru
5L,RSU,Aerosur,Bolivia,Aerosur (5L) - Bolivia
VV,AEW,Aerosvit Airlines,Ukraine,Aerosvit Airlines (VV) - Ukraine
FK,WTA,Africa West,Togo,Africa West (FK) - Togo
QS,QSC,African Safari Airways,Kenya,African Safari Airways (QS) - Kenya
ML,,African Transport Trading and Investment Company,Sudan,African Transport Trading and Investment Company (ML) - Sudan
Q9,AFU,Afrinat International Airlines,Gambia,Afrinat International Airlines (Q9) - Gambia
8U,AAW,Afriqiyah Airways,Libya,Afriqiyah Airways (8U) - Libya
3X,GUI,Aguilar Connect,Chile,Aguilar Connect (3X) - Chile
ZI,AAF,Aigle Azur,France,Aigle Azur (ZI) - France
RK,RKA,Air Afrique,Ivory Coast,Air Afrique (RK) - Ivory Coast
AH,DAH,Air Algerie,Algeria,Air Algerie (AH) - Algeria
GD,AHA,Air Alpha Greenland,Denmark,Air Alpha Greenland (GD) - Denmark
A6,LPV,Air Alps Aviation,Austria,Air Alps Aviation (A6) - Austria
2Y,AOW,Air Andaman,Thailand,Air Andaman (2Y) - Thailand
G9,ABY,Air Arabia,United Arab Emirates,Air Arabia (G9) - United Arab Emirates
3O,,Air Arabia Maroc,Morocco,Air Arabia Maroc (3O) - Morocco
QN,ARR,Air Armenia,Armenia,Air Armenia (QN) - Armenia
KC,KZR,Air Astana,Kazakhstan,Air Astana (KC) - Kazakhstan
CC,ABD,Air Atlanta Icelandic,Iceland,Air Atlanta Icelandic (CC) - Iceland
9A,,Air Atlantic,Canada,Air Atlantic (9A) - Canada
KI,AAG,Air Atlantique,United Kingdom,Air Atlantique (KI) - United Kingdom
UU,REU,Air Austral,France,Air Austral (UU) - France
B9,BGD,Air Bangladesh,Bangladesh,Air Bangladesh (B9) - Bangladesh
AB,BER,Air Berlin,Germany,Air Berlin (AB) - Germany
JA,BON,Air Bosna,Bosnia and Herzegovina,Air Bosna (JA) - Bosnia and Herzegovina
BP,BOT,Air Botswana,Botswana,Air Botswana (BP) - Botswana
ZB,BUB,Air Bourbon,Reunion,Air Bourbon (ZB) - Reunion
2J,VBW,Air Burkina,Burkina Faso,Air Burkina (2J) - Burkina Faso
8Y,PBU,Air Burundi,Burundi,Air Burundi (8Y) - Burundi
TY,TPC,Air Cal,France,Air Cal (TY) - France
SB,ACI,Air Caledonie International,France,Air Caledonie International (SB) - France
AC,ACA,Air Canada,Canada,Air Canada (AC) - Canada
QK,JZA,Air Canada Jazz,Canada,Air Canada Jazz (QK) - Canada
TX,FWI,Air Caraïbes,France,Air Caraïbes (TX) - France
2Q,SNC,Air Cargo Carriers,United States,Air Cargo Carriers (2Q) - United States
NV,CRF,Air Central,Japan,Air Central (NV) - Japan
CV,CVA,Air Chathams,New Zealand,Air Chathams (CV) - New Zealand
CA,CCA,Air China,China,Air China (CA) - China
3E,,Air Choice One,United States,Air Choice One (3E) - United States
4F,ECE,Air City,Germany,Air City (4F) - Germany
QD,QCL,Air Class Lineas Aereas,Uruguay,Air Class Lineas Aereas (QD) - Uruguay
3I,,Air Comet Chile,Chile,Air Comet Chile (3I) - Chile
AG,ABR,Air Contractors,Ireland,Air Contractors (AG) - Ireland
QC,CRD,Air Corridor,Mozambique,Air Corridor (QC) - Mozambique
H9,HAD,Air D'Ayiti,Haiti,Air D'Ayiti (H9) - Haiti
EN,DLA,Air Dolomiti,Italy,Air Dolomiti (EN) - Italy
UX,AEA,Air Europa,Spain,Air Europa (UX) - Spain
PE,AEL,Air Europe,Italy,Air Europe (PE) - Italy
XT,AXL,Air Exel,Netherlands,Air Exel (XT) - Netherlands
OF,FIF,Air Finland,Finland,Air Finland (OF) - Finland
GS,UPA,Air Foyle,United Kingdom,Air Foyle (GS) - United Kingdom
AF,AFR,Air France,France,Air France (AF) - France
GN,AGN,Air Gabon,Gabon,Air Gabon (GN) - Gabon
DA,GRG,Air Georgia,Georgia,Air Georgia (DA) - Georgia
ZX,GGN,Air Georgian,Canada,Air Georgian (ZX) - Canada
7T,AGV,Air Glaciers,Switzerland,Air Glaciers (7T) - Switzerland
GL,GRL,Air Greenland,Denmark,Air Greenland (GL) - Denmark
2U,GIP,Air Guinee Express,Guinea,Air Guinee Express (2U) - Guinea
GG,GUY,Air Guyane,French Guiana,Air Guyane (GG) - French Guiana
LD,AHK,Air Hong Kong,Hong Kong,Air Hong Kong (LD) - Hong Kong
NY,FXI,Air Iceland,Iceland,Air Iceland (NY) - Iceland
AI,AIC,Air India,India,Air India (AI) - India
IX,AXB,Air India Express,India,Air India Express (IX) - India
PP,AI0,Air Indus,Pakistan,Air Indus (PP) - Pakistan
I9,AEY,Air Italy,Italy,Air Italy (I9) - Italy
VU,VUN,Air Ivoire,Ivory Coast,Air Ivoire (VU) - Ivory Coast
JM,AJM,Air Jamaica,Jamaica,Air Jamaica (JM) - Jamaica
NQ,AJX,Air Japan,Japan,Air Japan (NQ) - Japan
9Y,KZK,Air Kazakhstan,Kazakhstan,Air Kazakhstan (9Y) - Kazakhstan
4A,AKL,Air Kiribati,Kiribati,Air Kiribati (4A) - Kiribati
JS,KOR,Air Koryo,Democratic People's Republic of Korea,Air Koryo (JS) - Democratic People's Republic of Korea
VD,,Air Libert,France,Air Libert (VD) - France
TT,KLA,Air Lithuania,Lithuania,Air Lithuania (TT) - Lithuania
LK,LXR,Air Luxor,Portugal,Air Luxor (LK) - Portugal
L8,LXG,Air Luxor GB,Guinea-Bissau,Air Luxor GB (L8) - Guinea-Bissau
NX,AMU,Air Macau,Macao,Air Macau (NX) - Macao
MD,MDG,Air Madagascar,Madagascar,Air Madagascar (MD) - Madagascar
NM,DRD,Air Madrid,Spain,Air Madrid (NM) - Spain
QM,AML,Air Malawi,Malawi,Air Malawi (QM) - Malawi
KM,KMM,Air Malta,Malta,Air Malta (KM) - Malta
6T,,Air Mandalay,Burma,Air Mandalay (6T) - Burma
CW,CWM,Air Marshall Islands,Marshall Islands,Air Marshall Islands (CW) - Marshall Islands
MR,MRT,Air Mauritanie,Mauritania,Air Mauritanie (MR) - Mauritania
MK,MAU,Air Mauritius,Mauritius,Air Mauritius (MK) - Mauritius
DR,BIE,Air Mediterranee,France,Air Mediterranee (DR) - France
ZV,AMW,Air Midwest,United States,Air Midwest (ZV) - United States
MC,RCH,Air Mobility Command,United States,Air Mobility Command (MC) - United States
9U,MLD,Air Moldova,Moldova,Air Moldova (9U) - Moldova
TM,,Air Mozambique,Mozambique,Air Mozambique (TM) - Mozambique
SW,NMB,Air Namibia,Namibia,Air Namibia (SW) - Namibia
NZ,ANZ,Air New Zealand,New Zealand,Air New Zealand (NZ) - New Zealand
EL,ANK,Air Nippon,Japan,Air Nippon (EL) - Japan
EH,AKX,Air Nippon Network Co. Ltd.,Japan,Air Nippon Network Co. Ltd. (EH) - Japan
PX,ANG,Air Niugini,Papua New Guinea,Air Niugini (PX) - Papua New Guinea
4N,ANT,Air North Charter - Canada,Canada,Air North Charter - Canada (4N) - Canada
YW,ANE,Air Nostrum,Spain,Air Nostrum (YW) - Spain
2P,GAP,Air Philippines,Philippines,Air Philippines (2P) - Philippines
A7,MPD,Air Plus Comet,Spain,Air Plus Comet (A7) - Spain
GZ,RAR,Air Rarotonga,Cook Islands,Air Rarotonga (GZ) - Cook Islands
KY,EQL,Air S,Air S,Air S (KY) - Air S
S2,RSH,Air Sahara,India,Air Sahara (S2) - India
PJ,SPM,Air Saint Pierre,France,Air Saint Pierre (PJ) - France
20,RNE,Air Salone,Sierra Leone,Air Salone (20) - Sierra Leone
2O,,Air Salone,Sierra Leone,Air Salone (2O) - Sierra Leone
EX,SDO,Air Santo Domingo,Dominican Republic,Air Santo Domingo (EX) - Dominican Republic
V7,SNG,Air Senegal International,Senegal,Air Senegal International (V7) - Senegal
JU,ASL,Air Serbia,Serbia,Air Serbia (JU) - Serbia
G8,AGB,Air Service Gabon,Gabon,Air Service Gabon (G8) - Gabon
HM,SEY,Air Seychelles,Seychelles,Air Seychelles (HM) - Seychelles
BM,,Air Sicilia,Italy,Air Sicilia (BM) - Italy
4D,ASD,Air Sinai,Egypt,Air Sinai (4D) - Egypt
GM,SVK,Air Slovakia,Slovakia,Air Slovakia (GM) - Slovakia
RB,SBK,Air Srpska,Bosnia and Herzegovina,Air Srpska (RB) - Bosnia and Herzegovina
VT,VTA,Air Tahiti,French Polynesia,Air Tahiti (VT) - French Polynesia
TN,THT,Air Tahiti Nui,France,Air Tahiti Nui (TN) - France
TC,ATC,Air Tanzania,Tanzania,Air Tanzania (TC) - Tanzania
8T,,Air Tindi,Canadian Territories,Air Tindi (8T) - Canadian Territories
YT,TGA,Air Togo,Togo,Air Togo (YT) - Togo
TS,TSC,Air Transat,Canada,Air Transat (TS) - Canada
8C,ATN,Air Transport International,United States,Air Transport International (8C) - United States
JY,TCI,Air Turks and Caicos,Turks and Caicos Islands,Air Turks and Caicos (JY) - Turks and Caicos Islands
6U,UKR,Air Ukraine,Ukraine,Air Ukraine (6U) - Ukraine
3N,URG,Air Urga,Ukraine,Air Urga (3N) - Ukraine
VL,VIM,Air VIA,Bulgaria,Air VIA (VL) - Bulgaria
NF,AVN,Air Vanuatu,Vanuatu,Air Vanuatu (NF) - Vanuatu
6V,VGA,Air Vegas,United States,Air Vegas (6V) - United States
6G,AWW,Air Wales,United Kingdom,Air Wales (6G) - United Kingdom
ZW,AWI,Air Wisconsin,United States,Air Wisconsin (ZW) - United States
UM,AZW,Air Zimbabwe,Zimbabwe,Air Zimbabwe (UM) - Zimbabwe
F8,,Air2there,New Zealand,Air2there (F8) - New Zealand
AK,AXM,AirAsia,Malaysia,AirAsia (AK) - Malaysia
D7,XAX,AirAsia X,Malaysia,AirAsia X (D7) - Malaysia
RU,ABW,AirBridge Cargo,Russia,AirBridge Cargo (RU) - Russia
00,000,AirOne Continental,Slovakia,AirOne Continental (00) - Slovakia
U1,001,AirOne Polska,Poland,AirOne Polska (U1) - Poland
PF,SIF,AirSial,Pakistan,AirSial (PF) - Pakistan
FL,TRS,AirTran Airways,United States,AirTran Airways (FL) - United States
ED,ABQ,Airblue,Pakistan,Airblue (ED) - Pakistan
PA,ABQ,Airblue,Pakistan,Airblue (PA) - Pakistan
GB,ABX,Airborne Express,United States,Airborne Express (GB) - United States
4Y,RBU,Airbus France,France,Airbus France (4Y) - France
AP,AIB,Airbus Industrie,France,Airbus Industrie (AP) - France
R3,SYL,Aircompany Yakutia,Russia,Aircompany Yakutia (R3) - Russia
4C,ARE,Aires,S.A.,Aires (4C) - S.A.
A5,RLA,Airlinair,France,Airlinair (A5) - France
FO,ATM,Airlines Of Tasmania,Australia,Airlines Of Tasmania (FO) - Australia
CG,TOK,Airlines PNG,Papua New Guinea,Airlines PNG (CG) - Papua New Guinea
4Z,,Airlink,South Africa,Airlink (4Z) - South Africa
K8,ZAK,Airlink Zambia,Zambia,Airlink Zambia (K8) - Zambia
TL,ANO,Airnorth,Australia,Airnorth (TL) - Australia
FF,,Airshop,Netherlands,Airshop (FF) - Netherlands
QP,AKJ,Akasa Air,India,Akasa Air (QP) - India
UJ,LMU,AlMasria Universal Airlines,Egypt,AlMasria Universal Airlines (UJ) - Egypt
AS,ASA,Alaska Airlines,United States,Alaska Airlines (AS) - United States
KO,AER,Alaska Central Express,United States,Alaska Central Express (KO) - United States
J5,,Alaska Seaplane Service,United States,Alaska Seaplane Service (J5) - United States
LV,LBC,Albanian Airlines,Albania,Albanian Airlines (LV) - Albania
F4,NBK,Albarka Air,Nigeria,Albarka Air (F4) - Nigeria
D4,LID,Alidaunia,Italy,Alidaunia (D4) - Italy
XM,SMX,Alitalia Express,Italy,Alitalia Express (XM) - Italy
0P,PYB,All America BOPY,Paraguay,All America BOPY (0P) - Paraguay
1Y,A9B,All America BR,Brazil,All America BR (1Y) - Brazil
0Y,7ZC,All America CO,Colombia,All America CO (0Y) - Colombia
0M,0MM,All America MX,Mexico,All America MX (0M) - Mexico
Z0,Z9H,All Argentina Express,Argentina,All Argentina Express (Z0) - Argentina
88,8K8,All Australia,Australia,All Australia (88) - Australia
NH,ANA,All Nippon Airways (ANA),Japan,All Nippon Airways (ANA) (NH) - Japan
G4,AAY,Allegiant Air,United States,Allegiant Air (G4) - United States
LL,GRO,Allegro,Mexico,Allegro (LL) - Mexico
CD,LLR,Alliance Air,India,Alliance Air (CD) - India
QQ,UTY,Alliance Airlines,Australia,Alliance Airlines (QQ) - Australia
AQ,AAH,Aloha Airlines,United States,Aloha Airlines (AQ) - United States
E8,ELG,Alpi Eagles,Italy,Alpi Eagles (E8) - Italy
5A,AIP,Alpine Air Express,United States,Alpine Air Express (5A) - United States
6R,DRU,Alrosa Mirny Air Enterprise,Russia,Alrosa Mirny Air Enterprise (6R) - Russia
1A,AGT,Amadeus Global Travel Distribution,Spain,Amadeus Global Travel Distribution (1A) - Spain
Z8,AZN,Amaszonas,Bolivia,Amaszonas (Z8) - Bolivia
0A,GNT,Amber Air,Lithuania,Amber Air (0A) - Lithuania
HP,AWE,America West Airlines,United States,America West Airlines (HP) - United States
AA,AAL,American Airlines,United States,American Airlines (AA) - United States
MQ,EGF,American Eagle Airlines,United States,American Eagle Airlines (MQ) - United States
WK,AFB,American Falcon,Argentina,American Falcon (WK) - Argentina
M6,AJT,Amerijet International,United States,Amerijet International (M6) - United States
ZQ,,Annsett New Zealand,New Zealand,Annsett New Zealand (ZQ) - New Zealand
AN,AAA,Ansett Australia,Australia,Ansett Australia (AN) - Australia
HO,DJA,Antinea Airlines,Algeria,Antinea Airlines (HO) - Algeria
04,ABV,Antrak Air,Ghana,Antrak Air (04) - Ghana
ZM,IWA,Apache Air,United States,Apache Air (ZM) - United States
5F,CIR,Arctic Circle Air Service,United States,Arctic Circle Air Service (5F) - United States
ZE,AZE,Arcus-Air Logistic,Germany,Arcus-Air Logistic (ZE) - Germany
FG,AFG,Ariana Afghan Airlines,Afghanistan,Ariana Afghan Airlines (FG) - Afghanistan
W3,ARA,Arik Air,Nigeria,Arik Air (W3) - Nigeria
OR,TFL,Arkefly,Netherlands,Arkefly (OR) - Netherlands
IZ,AIZ,Arkia Israel Airlines,Israel,Arkia Israel Airlines (IZ) - Israel
U8,RNV,Armavia,Armenia,Armavia (U8) - Armenia
MV,RML,Armenian International Airways,Armenia,Armenian International Airways (MV) - Armenia
JW,APW,Arrow Air,United States,Arrow Air (JW) - United States
R7,OCA,Aserca Airlines,Venezuela,Aserca Airlines (R7) - Venezuela
OE,AOT,Asia Overnight Express,Philippines,Asia Overnight Express (OE) - Philippines
HJ,AXF,Asian Express Airlines,Australia,Asian Express Airlines (HJ) - Australia
6K,RIT,Asian Spirit,Philippines,Asian Spirit (6K) - Philippines
OZ,AAR,Asiana Airlines,Republic of Korea,Asiana Airlines (OZ) - Republic of Korea
4K,AAS,Askari Aviation,Pakistan,Askari Aviation (4K) - Pakistan
8D,,Astair,Russian Federation,Astair (8D) - Russian Federation
5W,AEU,Astraeus,United Kingdom,Astraeus (5W) - United Kingdom
OB,ASZ,Astrakhan Airlines,Russia,Astrakhan Airlines (OB) - Russia
8V,ACP,Astral Aviation,Kenya,Astral Aviation (8V) - Kenya
ZF,,Athens Airways,Greece,Athens Airways (ZF) - Greece
A1,A1F,Atifly,United States,Atifly (A1) - United States
3G,AYZ,Atlant-Soyuz Airlines,Russia,Atlant-Soyuz Airlines (3G) - Russia
K3,,Atlantic Air Cargo,United States,Atlantic Air Cargo (K3) - United States
RC,FLI,Atlantic Airways,Faroe Islands,Atlantic Airways (RC) - Faroe Islands
EV,ASQ,Atlantic Southeast Airlines,United States,Atlantic Southeast Airlines (EV) - United States
TD,LUR,Atlantis European Airways,Armenia,Atlantis European Airways (TD) - Armenia
5Y,GTI,Atlas Air,United States,Atlas Air (5Y) - United States
8A,BMM,Atlas Blue,Morocco,Atlas Blue (8A) - Morocco
KK,KKK,Atlasjet,Turkey,Atlasjet (KK) - Turkey
IP,JOL,Atyrau Air Ways,Kazakhstan,Atyrau Air Ways (IP) - Kazakhstan
IQ,AUB,Augsburg Airways,Germany,Augsburg Airways (IQ) - Germany
GR,AUR,Aurigny Air Services,United Kingdom,Aurigny Air Services (GR) - United Kingdom
NO,AUS,Aus-Air,Australia,Aus-Air (NO) - Australia
W7,,Austral Brasil,Brazil,Austral Brasil (W7) - Brazil
AU,AUT,Austral Lineas Aereas,Argentina,Austral Lineas Aereas (AU) - Argentina
AO,AUZ,Australian Airlines,Australia,Australian Airlines (AO) - Australia
OS,AUA,Austrian Airlines,Austria,Austrian Airlines (OS) - Austria
VE,AVE,Avensa,Venezuela,Avensa (VE) - Venezuela
RX,AEH,Aviaexpress,Hungary,Aviaexpress (RX) - Hungary
EC,TWN,Avialeasing Aviation Company,Uzbekistan,Avialeasing Aviation Company (EC) - Uzbekistan
AV,AVA,Avianca,Colombia,Avianca (AV) - Colombia
Z3,SMJ,Avient Aviation,Zimbabwe,Avient Aviation (Z3) - Zimbabwe
U3,AIA,Avies,Estonia,Avies (U3) - Estonia
..,...,Avilu,Switzerland,Avilu (..) - Switzerland
G2,VXG,Avirex,Gabon,Avirex (G2) - Gabon
V5,VLI,Avolar Aerolineas,Mexico,Avolar Aerolineas (V5) - Mexico
B0,666,Aws express,United States,Aws express (B0) - United States
J2,AHY,Azerbaijan Airlines,Azerbaijan,Azerbaijan Airlines (J2) - Azerbaijan
7A,,Aztec Worldwide Airlines,United States,Aztec Worldwide Airlines (7A) - United States
AD,AZU,Azul Brazilian Airlines,Brazil,Azul Brazilian Airlines (AD) - Brazil
TH,,BA Connect,United Kingdom,BA Connect (TH) - United Kingdom
B4,BCF,BACH Flugbetriebsges,Austria,BACH Flugbetriebsges (B4) - Austria
V9,BTC,BAL Bashkirian Airlines,Russia,BAL Bashkirian Airlines (V9) - Russia
8W,,BAX Global,,BAX Global (8W)
5Q,,BQB Lineas Aereas,Uruguay,BQB Lineas Aereas (5Q) - Uruguay
7R,BRB,BRA-Transportes Aereos,Brazil,BRA-Transportes Aereos (7R) - Brazil
XV,,BVI Airways,British Virgin Islands,BVI Airways (XV) - British Virgin Islands
UP,BHS,Bahamasair,Bahamas,Bahamasair (UP) - Bahamas
8Q,BAJ,Baker Aviation,United States,Baker Aviation (8Q) - United States
LZ,,Balkan Bulgarian Airlines,,Balkan Bulgarian Airlines (LZ)
B1,BA1,Baltic Air lines,Latvia,Baltic Air lines (B1) - Latvia
QH,BAV,Bamboo Airways,Vietnam,Bamboo Airways (QH) - Vietnam
PG,BKP,Bangkok Airways,Thailand,Bangkok Airways (PG) - Thailand
8N,NKF,Barents AirLink,Sweden,Barents AirLink (8N) - Sweden
5B,BSX,Bassaka airlines,Cambodia,Bassaka airlines (5B) - Cambodia
ID,BTK,Batik Air,Indonesia,Batik Air (ID) - Indonesia
OD,MXD,Batik Air Malaysia,Malaysia,Batik Air Malaysia (OD) - Malaysia
JV,BLS,Bearskin Lake Air Service,Canada,Bearskin Lake Air Service (JV) - Canada
4T,BHP,Belair Airlines,Switzerland,Belair Airlines (4T) - Switzerland
B2,BRU,Belavia Belarusian Airlines,Belarus,Belavia Belarusian Airlines (B2) - Belarus
B3,BLV,Bellview Airlines,Nigeria,Bellview Airlines (B3) - Nigeria
CH,BMJ,Bemidji Airlines,United States,Bemidji Airlines (CH) - United States
A8,BGL,Benin Golf Air,Benin,Benin Golf Air (A8) - Benin
8E,BRG,Bering Air,United States,Bering Air (8E) - United States
J8,BVT,Berjaya Air,Malaysia,Berjaya Air (J8) - Malaysia
GQ,BSY,Big Sky Airlines,United States,Big Sky Airlines (GQ) - United States
BG,BBA,Biman Bangladesh Airlines,Bangladesh,Biman Bangladesh Airlines (BG) - Bangladesh
NT,IBB,Binter Canarias,Spain,Binter Canarias (NT) - Spain
5Z,BML,Bismillah Airlines,Bangladesh,Bismillah Airlines (5Z) - Bangladesh
0B,JOR,Blue Air,Romania,Blue Air (0B) - Romania
BZ,BDA,Blue Dart Aviation,India,Blue Dart Aviation (BZ) - India
BV,BPA,Blue Panorama Airlines,Italy,Blue Panorama Airlines (BV) - Italy
QW,BWG,Blue Wings,Germany,Blue Wings (QW) - Germany
KF,BLF,Blue1,Finland,Blue1 (KF) - Finland
01,,Bobb Air Freight,Germany,Bobb Air Freight (01) - Germany
E9,CXS,Boston-Maine Airways,United States,Boston-Maine Airways (E9) - United States
BO,BOU,Bouraq Indonesia Airlines,Indonesia,Bouraq Indonesia Airlines (BO) - Indonesia
4B,BTQ,Boutique Air (Priv),United States,Boutique Air (Priv) (4B) - United States
BU,BRA,Braathens,Norway,Braathens (BU) - Norway
BN,BNF,Braniff International Airways,United States,Braniff International Airways (BN) - United States
K6,BRV,Bravo Air Congo,Democratic Republic of the Congo,Bravo Air Congo (K6) - Democratic Republic of the Congo
E6,,Bringer Air Cargo Taxi Aereo,Brazil,Bringer Air Cargo Taxi Aereo (E6) - Brazil
DB,BZH,Brit Air,France,Brit Air (DB) - France
BA,BAW,British Airways,United Kingdom,British Airways (BA) - United Kingdom
KJ,LAJ,British Mediterranean Airways,United Kingdom,British Mediterranean Airways (KJ) - United Kingdom
SN,BEL,Brussels Airlines,Belgium,Brussels Airlines (SN) - Belgium
J4,BFL,Buffalo Airways,Canada,Buffalo Airways (J4) - Canada
FB,LZB,Bulgaria Air,Bulgaria,Bulgaria Air (FB) - Bulgaria
4P,,Business Aviation,Congo (Kinshasa),Business Aviation (4P) - Congo (Kinshasa)
5C,ICL,CAL Cargo Air Lines,Israel,CAL Cargo Air Lines (5C) - Israel
AW,SCH,CHC Airways,Netherlands,CHC Airways (AW) - Netherlands
KT,CWS,California Western,United States,California Western (KT) - United States
XG,CLI,Calima Aviacion,Spain,Calima Aviacion (XG) - Spain
R9,CAM,Camai Air,United States,Camai Air (R9) - United States
UY,UYC,Cameroon Airlines,Cameroon,Cameroon Airlines (UY) - Cameroon
C6,CJA,CanJet,Canada,CanJet (C6) - Canada
C2,CAP,CanXplorer,Canada,CanXplorer (C2) - Canada
C1,CA1,CanXpress,Canada,CanXpress (C1) - Canada
CP,CDN,Canadian Airlines,Canada,Canadian Airlines (CP) - Canada
5T,MPE,Canadian North,Canada,Canadian North (5T) - Canada
W2,CWA,Canadian Western Airlines,Canada,Canadian Western Airlines (W2) - Canada
10,CNN,Canadian World,Canada,Canadian World (10) - Canada
9K,KAP,Cape Air,United States,Cape Air (9K) - United States
PT,CCI,Capital Cargo International Airlines,United States,Capital Cargo International Airlines (PT) - United States
8L,CGP,Cargo Plus Aviation,United Arab Emirates,Cargo Plus Aviation (8L) - United Arab Emirates
2G,CRG,Cargoitalia,Italy,Cargoitalia (2G) - Italy
W8,CJT,Cargojet Airways,Canada,Cargojet Airways (W8) - Canada
BW,BWA,Caribbean Airlines,Trinidad and Tobago,Caribbean Airlines (BW) - Trinidad and Tobago
8B,GFI,Caribbean Star Airlines,Antigua and Barbuda,Caribbean Star Airlines (8B) - Antigua and Barbuda
KW,,Carnival Air Lines,United States,Carnival Air Lines (KW) - United States
V3,KRP,Carpatair,Romania,Carpatair (V3) - Romania
RV,CPN,Caspian Airlines,Iran,Caspian Airlines (RV) - Iran
CX,CPA,Cathay Pacific,Hong Kong,Cathay Pacific (CX) - Hong Kong
OC,,Catovair,Mauritius,Catovair (OC) - Mauritius
NS,,Caucasus Airlines,Georgia,Caucasus Airlines (NS) - Georgia
KX,CAY,Cayman Airways,Cayman Islands,Cayman Airways (KX) - Cayman Islands
5J,CEB,Cebu Pacific,Philippines,Cebu Pacific (5J) - Philippines
7N,CNA,Centavia,Serbia,Centavia (7N) - Serbia
C0,CLW,Centralwings,Poland,Centralwings (C0) - Poland
J7,CVC,Centre-Avia,Russia,Centre-Avia (J7) - Russia
WE,CWC,Centurion Air Cargo,United States,Centurion Air Cargo (WE) - United States
OP,CHK,Chalk's Ocean Airways,United States,Chalk's Ocean Airways (OP) - United States
MG,CCP,Champion Air,United States,Champion Air (MG) - United States
2Z,CGN,Changan Airlines,China,Changan Airlines (2Z) - China
S8,CSU,Chari Aviation Services,Chad,Chari Aviation Services (S8) - Chad
RP,CHQ,Chautauqua Airlines,United States,Chautauqua Airlines (RP) - United States
WL,FQR,CheapFlyingInternational,France,CheapFlyingInternational (WL) - France
C8,WDY,Chicago Express,United States,Chicago Express (C8) - United States
CI,CAL,China Airlines,Taiwan,China Airlines (CI) - Taiwan
CK,CKK,China Cargo Airlines,China,China Cargo Airlines (CK) - China
MU,CES,China Eastern Airlines,China,China Eastern Airlines (MU) - China
CJ,CBF,China Northern Airlines,China,China Northern Airlines (CJ) - China
WH,CNW,China Northwest Airlines,China,China Northwest Airlines (WH) - China
9C,,China SSS,China,China SSS (9C) - China
CZ,CSN,China Southern Airlines,China,China Southern Airlines (CZ) - China
KN,,China United,China,China United (KN) - China
HR,CUA,China United Airlines,China,China United Airlines (HR) - China
XO,CXH,China Xinhua Airlines,China,China Xinhua Airlines (XO) - China
X7,CHF,Chitaavia,Russia,Chitaavia (X7) - Russia
OQ,CQN,Chongqing Airlines,China,Chongqing Airlines (OQ) - China
99,,Ciao Air,Italy,Ciao Air (99) - Italy
YC,YCC,Ciel Canadien,Canada,Ciel Canadien (YC) - Canada
A2,CIU,Cielos Airlines,Peru,Cielos Airlines (A2) - Peru
QI,CIM,Cimber Air,Denmark,Cimber Air (QI) - Denmark
C9,RUS,Cirrus Airlines,Germany,Cirrus Airlines (C9) - Germany
QG,CTV,Citilink,Indonesia,Citilink (QG) - Indonesia
CF,SDR,City Airline,Sweden,City Airline (CF) - Sweden
WX,BCY,CityJet,Ireland,CityJet (WX) - Ireland
CT,CAT,Civil Air Transport,Taiwan,Civil Air Transport (CT) - Taiwan
QA,,Click (Mexicana),Mexico,Click (Mexicana) (QA) - Mexico
6P,ISG,Club Air,Italy,Club Air (6P) - Italy
BX,CST,Coast Air,Norway,Coast Air (BX) - Norway
DQ,,Coastal Air,United States,Coastal Air (DQ) - United States
9L,CJC,Colgan Air,United States,Colgan Air (9L) - United States
MN,CAW,Comair,South Africa,Comair (MN) - South Africa
OH,COM,Comair,United States,Comair (OH) - United States
C5,UCA,CommutAir,United States,CommutAir (C5) - United States
KR,CWK,Comores Airlines,Comoros,Comores Airlines (KR) - Comoros
GJ,MXC,Compania Mexicargo,Mexico,Compania Mexicargo (GJ) - Mexico
DE,CFG,Condor,Germany,Condor (DE) - Germany
XZ,,Congo Express,Congo (Kinshasa),Congo Express (XZ) - Congo (Kinshasa)
6A,CHP,Consorcio Aviaxsa,Mexico,Consorcio Aviaxsa (6A) - Mexico
C3,KIS,Contact Air,Germany,Contact Air (C3) - Germany
CO,COA,Continental Airlines,United States,Continental Airlines (CO) - United States
CS,CMI,Continental Micronesia,United States,Continental Micronesia (CS) - United States
V0,VCV,Conviasa,Venezuela,Conviasa (V0) - Venezuela
KH,,Cook Island Air,Cook Islands,Cook Island Air (KH) - Cook Islands
CM,CMP,Copa Airlines,Panama,Copa Airlines (CM) - Panama
0X,CX0,Copenhagen Express,Denmark,Copenhagen Express (0X) - Denmark
SS,CRL,Corsairfly,France,Corsairfly (SS) - France
XK,CCM,Corse-Mediterranee,France,Corse-Mediterranee (XK) - France
F5,COZ,Cosmic Air,Nepal,Cosmic Air (F5) - Nepal
OU,CTN,Croatia Airlines,Croatia,Croatia Airlines (OU) - Croatia
QE,ECC,Crossair Europe,Switzerland,Crossair Europe (QE) - Switzerland
CU,CUB,Cubana de Aviación,Cuba,Cubana de Aviación (CU) - Cuba
CY,CYP,Cyprus Airways,Cyprus,Cyprus Airways (CY) - Cyprus
YK,,Cyprus Turkish Airlines,Turkey,Cyprus Turkish Airlines (YK) - Turkey
OK,CSA,Czech Airlines,Czech Republic,Czech Airlines (OK) - Czech Republic
WD,DSR,DAS Air Cargo,Uganda,DAS Air Cargo (WD) - Uganda
DX,DTR,DAT Danish Air Transport,Denmark,DAT Danish Air Transport (DX) - Denmark
ES,DHX,DHL International,Bahrain,DHL International (ES) - Bahrain
L3,JOS,DHL de Guatemala,Guatemala,DHL de Guatemala (L3) - Guatemala
D3,DAO,Daallo Airlines,Djibouti,Daallo Airlines (D3) - Djibouti
N2,DAG,Dagestan Airlines,Russia,Dagestan Airlines (N2) - Russia
H8,KHB,Dalavia,Russia,Dalavia (H8) - Russia
0D,DWT,Darwin Airline,Switzerland,Darwin Airline (0D) - Switzerland
D5,DAU,Dauair,Germany,Dauair (D5) - Germany
DL,DAL,Delta Air Lines,United States,Delta Air Lines (DL) - United States
2A,,Deutsche Bahn,Germany,Deutsche Bahn (2A) - Germany
1I,AMB,Deutsche Rettungsflugwacht,Germany,Deutsche Rettungsflugwacht (1I) - Germany
DH,DVA,Discovery Airways,United States,Discovery Airways (DH) - United States
D8,DJB,Djibouti Airlines,Djibouti,Djibouti Airlines (D8) - Djibouti
D1,MDO,Domenican Airlines,Dominican Republic,Domenican Airlines (D1) - Dominican Republic
DO,DOA,Dominicana de Aviaci,Dominican Republic,Dominicana de Aviaci (DO) - Dominican Republic
E3,DMO,Domodedovo Airlines,Russia,Domodedovo Airlines (E3) - Russia
KA,HDA,Dragonair,DRAGON,Dragonair (KA) - DRAGON
KB,DRK,Drukair,Bhutan,Drukair (KB) - Bhutan
0E,,Dummy,France,Dummy (0E) - France
--,ELK,ELK Airways,Estonia,ELK Airways (--) - Estonia
BR,EVA,EVA Air,Taiwan,EVA Air (BR) - Taiwan
H7,,Eagle Air,Uganda,Eagle Air (H7) - Uganda
QU,UGX,East African,Uganda,East African (QU) - Uganda
S9,HSA,East African Safari Air,Kenya,East African Safari Air (S9) - Kenya
T3,EZE,Eastern Airways,United Kingdom,Eastern Airways (T3) - United Kingdom
13,EAV,Eastern Atlantic Virtual Airlines,United States,Eastern Atlantic Virtual Airlines (13) - United States
DK,ELA,Eastland Air,Australia,Eastland Air (DK) - Australia
DS,,EasyJet,Switzerland,EasyJet (DS) - Switzerland
MS,MSR,EgyptAir,Egypt,EgyptAir (MS) - Egypt
LY,ELY,El Al Israel Airlines,Israel,El Al Israel Airlines (LY) - Israel
UZ,BRQ,El-Buraq Air Transport,Libya,El-Buraq Air Transport (UZ) - Libya
1C,,Electronic Data Systems,Switzerland,Electronic Data Systems (1C) - Switzerland
EK,UAE,Emirates,United Arab Emirates,Emirates (EK) - United Arab Emirates
EU,EEA,Empresa Ecuatoriana De Aviacion,Ecuador,Empresa Ecuatoriana De Aviacion (EU) - Ecuador
E0,ESS,Eos Airlines,United States,Eos Airlines (E0) - United States
7H,ERR,Era Alaska,United States,Era Alaska (7H) - United States
B8,ERT,Eritrean Airlines,Eritrea,Eritrean Airlines (B8) - Eritrea
E7,ESF,Estafeta Carga Aerea,Mexico,Estafeta Carga Aerea (E7) - Mexico
OV,ELL,Estonian Air,Estonia,Estonian Air (OV) - Estonia
ET,ETH,Ethiopian Airlines,Ethiopia,Ethiopian Airlines (ET) - Ethiopia
EY,ETD,Etihad Airways,United Arab Emirates,Etihad Airways (EY) - United Arab Emirates
RZ,,Euro Exec Express,Sweden,Euro Exec Express (RZ) - Sweden
24,,Euro Jet,Germany,Euro Jet (24) - Germany
UI,ECA,Eurocypria Airlines,Cyprus,Eurocypria Airlines (UI) - Cyprus
4L,MJX,Euroline,Georgia,Euroline (4L) - Georgia
K2,ELO,Eurolot,Poland,Eurolot (K2) - Poland
3W,EMX,Euromanx Airways,Austria,Euromanx Airways (3W) - Austria
EA,EAL,European Air Express,Germany,European Air Express (EA) - Germany
QY,BCS,European Air Transport,Belgium,European Air Transport (QY) - Belgium
EW,EWG,Eurowings,Germany,Eurowings (EW) - Germany
EZ,EIA,Evergreen International Airlines,United States,Evergreen International Airlines (EZ) - United States
JN,XLA,Excel Airways,United Kingdom,Excel Airways (JN) - United Kingdom
MB,EXA,Execair Aviation,Canada,Execair Aviation (MB) - Canada
OW,EXK,Executive Airlines,United States,Executive Airlines (OW) - United States
EO,LHN,Express One International,United States,Express One International (EO) - United States
XE,BTA,ExpressJet,United States,ExpressJet (XE) - United States
X9,X9F,FRA Air,Germany,FRA Air (X9) - Germany
IH,,Falcon Aviation,Sweden,Falcon Aviation (IH) - Sweden
EF,EFA,Far Eastern Air Transport,Taiwan,Far Eastern Air Transport (EF) - Taiwan
F6,RCK,Faroejet,Faroe Islands,Faroejet (F6) - Faroe Islands
F3,FSW,Faso Airways,Burkina Faso,Faso Airways (F3) - Burkina Faso
FX,FDX,Federal Express,United States,Federal Express (FX) - United States
FU,FXX,Felix Airways,Yemen,Felix Airways (FU) - Yemen
FJ,FJI,Fiji Airways,Fiji,Fiji Airways (FJ) - Fiji
N8,HGK,Fika Salaama Airlines,Uganda,Fika Salaama Airlines (N8) - Uganda
4S,FNC,Finalair Congo,Republic of the Congo,Finalair Congo (4S) - Republic of the Congo
AY,FIN,Finnair,Finland,Finnair (AY) - Finland
FC,WBA,Finncomm Airlines,Finland,Finncomm Airlines (FC) - Finland
FY,FFM,Firefly,Malaysia,Firefly (FY) - Malaysia
7F,FAB,First Air,Canada,First Air (7F) - Canada
8F,FFR,Fischer Air,Czech Republic,Fischer Air (8F) - Czech Republic
B5,FLT,Flightline,United Kingdom,Flightline (B5) - United Kingdom
Z9,,Flightlink Tanzania,Tanzania,Flightlink Tanzania (Z9) - Tanzania
RF,FWL,Florida West International Airways,United States,Florida West International Airways (RF) - United States
F2,FLM,Fly Air,Turkey,Fly Air (F2) - Turkey
F1,FBL,Fly Brasil,Brazil,Fly Brasil (F1) - Brazil
3F,3FF,Fly Colombia ( Interliging Flights ),Colombia,Fly Colombia ( Interliging Flights ) (3F) - Colombia
9P,FJI,Fly Jinnah,Pakistan,Fly Jinnah (9P) - Pakistan
SH,FLY,Fly Me Sweden,Sweden,Fly Me Sweden (SH) - Sweden
X5,OTJ,Fly Romania,Romania,Fly Romania (X5) - Romania
5H,FFV,Fly540,Kenya,Fly540 (5H) - Kenya
TE,LIL,FlyLal,Lithuania,FlyLal (TE) - Lithuania
LF,NDC,FlyNordic,Sweden,FlyNordic (LF) - Sweden
FA,SFR,FlySafair,South Africa,FlySafair (FA) - South Africa
F7,BBO,Flybaboo,Switzerland,Flybaboo (F7) - Switzerland
BE,BEE,Flybe,United Kingdom,Flybe (BE) - United Kingdom
FZ,FDB,Flydubai,United Arab Emirates,Flydubai (FZ) - United Arab Emirates
HK,FSC,Four Star Aviation / Four Star Cargo,United States,Four Star Aviation / Four Star Cargo (HK) - United States
FP,FRE,Freedom Air,United States,Freedom Air (FP) - United States
F9,FFT,Frontier Airlines,United States,Frontier Airlines (F9) - United States
2F,FTA,Frontier Flying Service,United States,Frontier Flying Service (2F) - United States
FH,FUA,Futura International Airways,Spain,Futura International Airways (FH) - Spain
GT,GBL,GB Airways,United Kingdom,GB Airways (GT) - United Kingdom
7O,GAL,Galaxy Air,Kyrgyzstan,Galaxy Air (7O) - Kyrgyzstan
1G,,Galileo International,United States,Galileo International (1G) - United States
GC,GNR,Gambia International Airlines,Gambia,Gambia International Airlines (GC) - Gambia
G7,GNF,Gandalf Airlines,Italy,Gandalf Airlines (G7) - Italy
GA,GIA,Garuda Indonesia,Indonesia,Garuda Indonesia (GA) - Indonesia
A9,TGZ,Georgian Airways,Georgia,Georgian Airways (A9) - Georgia
QB,GFG,Georgian National Airlines,Georgia,Georgian National Airlines (QB) - Georgia
ST,GMI,Germania,Germany,Germania (ST) - Germany
4U,GWI,Germanwings,Germany,Germanwings (4U) - Germany
GP,GES,Gestair,Spain,Gestair (GP) - Spain
G0,GHB,Ghana International Airlines,Ghana,Ghana International Airlines (G0) - Ghana
0G,GA0,Global Airlines,Argentina,Global Airlines (0G) - Argentina
GH,GLP,Globus,Russia,Globus (GH) - Russia
G3,GLO,Gol Transportes Aereos,Brazil,Gol Transportes Aereos (G3) - Brazil
DC,GAO,Golden Air,Sweden,Golden Air (DC) - Sweden
YD,,Gomelavia,Belarus,Gomelavia (YD) - Belarus
G1,IKA,Gorkha Airlines,Nepal,Gorkha Airlines (G1) - Nepal
ZK,GLA,Great Lakes Airlines,United States,Great Lakes Airlines (ZK) - United States
IJ,GWL,Great Wall Airlines,China,Great Wall Airlines (IJ) - China
XX,GFY,Greenfly,Spain,Greenfly (XX) - Spain
TA,TAT,Grupo TACA,Costa Rica,Grupo TACA (TA) - Costa Rica
G6,BSR,Guine Bissaur Airlines,Guinea-Bissau,Guine Bissaur Airlines (G6) - Guinea-Bissau
GF,GFA,Gulf Air,Bahrain,Gulf Air (GF) - Bahrain
GU,GU1,Gulisano airways,Italy,Gulisano airways (GU) - Italy
GY,,Guyana Airways 2000,,Guyana Airways 2000 (GY)
UO,HKE,HK Express,Hong Kong,HK Express (UO) - Hong Kong
H6,HAG,Hageland Aviation Services,United States,Hageland Aviation Services (H6) - United States
HU,CHH,Hainan Airlines,China,Hainan Airlines (HU) - China
1R,,Hainan Phoenix Information Systems,China,Hainan Phoenix Information Systems (1R) - China
2T,HAM,Haiti Ambassador Airlines,Haiti,Haiti Ambassador Airlines (2T) - Haiti
7Z,,Halcyonair,Cape Verde,Halcyonair (7Z) - Cape Verde
4R,HHI,Hamburg International,Germany,Hamburg International (4R) - Germany
H1,HA1,Hankook Air US,United States,Hankook Air US (H1) - United States
HF,HLF,Hapagfly,Germany,Hapagfly (HF) - Germany
HB,HAR,Harbor Airlines,United States,Harbor Airlines (HB) - United States
HQ,HMY,Harmony Airways,Canada,Harmony Airways (HQ) - Canada
HA,HAL,Hawaiian Airlines,United States,Hawaiian Airlines (HA) - United States
BH,,Hawkair,Canada,Hawkair (BH) - Canada
HN,HVY,Heavylift Cargo Airlines,Australia,Heavylift Cargo Airlines (HN) - Australia
8H,HFR,Heli France,France,Heli France (8H) - France
JB,JBA,Helijet,Canada,Helijet (JB) - Canada
ZU,HCY,Helios Airways,Cyprus,Helios Airways (ZU) - Cyprus
T4,HEJ,Hellas Jet,Greece,Hellas Jet (T4) - Greece
HW,FHE,Hello,Switzerland,Hello (HW) - Switzerland
2L,OAW,Helvetic Airways,Switzerland,Helvetic Airways (2L) - Switzerland
DU,HMS,Hemus Air,Bulgaria,Hemus Air (DU) - Bulgaria
UD,HER,Hex'Air,France,Hex'Air (UD) - France
5K,HFY,Hi Fly,Portugal,Hi Fly (5K) - Portugal
HD,ADO,Hokkaido International Airlines,Japan,Hokkaido International Airlines (HD) - Japan
H5,HOA,Hola Airlines,Spain,Hola Airlines (H5) - Spain
HX,CRK,Hong Kong Airlines,Hong Kong,Hong Kong Airlines (HX) - Hong Kong
HH,,Hope Air,Canada,Hope Air (HH) - Canada
QX,QXE,Horizon Air,United States,Horizon Air (QX) - United States
G5,,Huaxia,China,Huaxia (G5) - China
H4,,Héli Sécurité Helicopter Airlines,France,Héli Sécurité Helicopter Airlines (H4) - France
II,CSQ,IBC Airways,United States,IBC Airways (II) - United States
Z5,IIR,INAVIA Internacional,Argentina,INAVIA Internacional (Z5) - Argentina
1F,,INFINI Travel Information,Japan,INFINI Travel Information (1F) - Japan
AZ,ITY,ITA Airways,Italy,ITA Airways (AZ) - Italy
1U,,ITA Software,United States,ITA Software (1U) - United States
IB,IBE,Iberia,Spain,Iberia (IB) - Spain
I2,IBS,Iberia Express,Spain,Iberia Express (I2) - Spain
FW,IBX,Ibex Airlines,Japan,Ibex Airlines (FW) - Japan
FI,ICE,Icelandair,Iceland,Icelandair (FI) - Iceland
IL,ILW,Illinois Airways,United States,Illinois Airways (IL) - United States
IK,ITX,Imair Airlines,Azerbaijan,Imair Airlines (IK) - Azerbaijan
6E,IGO,IndiGo,India,IndiGo (6E) - India
IC,IAC,Indian Airlines,India,Indian Airlines (IC) - India
QZ,AWQ,Indonesia AirAsia,Indonesia,Indonesia AirAsia (QZ) - Indonesia
I5,IDS,Indonesia Sky,Indonesia,Indonesia Sky (I5) - Indonesia
IO,IAA,Indonesian Airlines,Indonesia,Indonesian Airlines (IO) - Indonesia
7I,,Insel Air (7I/INC) (Priv),Netherlands Antilles,Insel Air (7I/INC) (Priv) (7I) - Netherlands Antilles
D6,ILN,Interair South Africa,South Africa,Interair South Africa (D6) - South Africa
RS,ICT,Intercontinental de Aviaci,Colombia,Intercontinental de Aviaci (RS) - Colombia
4O,,Interjet (ABC Aerolineas),Mexico,Interjet (ABC Aerolineas) (4O) - Mexico
6I,IBZ,International Business Air,Sweden,International Business Air (6I) - Sweden
3L,ISK,Intersky,Austria,Intersky (3L) - Austria
I4,FWA,Interstate Airline,Netherlands,Interstate Airline (I4) - Netherlands
IR,IRA,Iran Air,Iran,Iran Air (IR) - Iran
EP,IRC,Iran Aseman Airlines,Iran,Iran Aseman Airlines (EP) - Iran
IA,IAW,Iraqi Airways,Iraq,Iraqi Airways (IA) - Iraq
WP,MKU,Island Air,United States,Island Air (WP) - United States
IS,,Island Airlines,United States,Island Airlines (IS) - United States
2S,SDY,Island Express,United States,Island Express (2S) - United States
1X,,Island Express Air,Canada,Island Express Air (1X) - Canada
CN,,Islands Nationair,Papua New Guinea,Islands Nationair (CN) - Papua New Guinea
IF,ISW,Islas Airways,Spain,Islas Airways (IF) - Spain
WC,ISV,Islena De Inversiones,Honduras,Islena De Inversiones (WC) - Honduras
6H,ISR,Israir,Israel,Israir (6H) - Israel
9X,ACL,Itali Airlines,Italy,Itali Airlines (9X) - Italy
GI,IKA,Itek Air,Kyrgyzstan,Itek Air (GI) - Kyrgyzstan
I8,,IzAvia,Russia,IzAvia (I8) - Russia
JC,JEX,JAL Express,Japan,JAL Express (JC) - Japan
JO,JAZ,JALways,Japan,JALways (JO) - Japan
1M,,JSC Transport Automated Information Systems,Russia,JSC Transport Automated Information Systems (1M) - Russia
JD,JAS,Japan Air System,Japan,Japan Air System (JD) - Japan
JL,JAL,Japan Airlines,Japan,Japan Airlines (JL) - Japan
EG,JAA,Japan Asia Airways,Japan,Japan Asia Airways (EG) - Japan
NU,JTA,Japan Transocean Air,Japan,Japan Transocean Air (NU) - Japan
J9,JZR,Jazeera Airways,Kuwait,Jazeera Airways (J9) - Kuwait
7C,JJA,Jeju Air,Republic of Korea,Jeju Air (7C) - Republic of Korea
9W,JAI,Jet Airways,India,Jet Airways (9W) - India
QJ,,Jet Airways,United States,Jet Airways (QJ) - United States
LS,EXS,Jet2,United Kingdom,Jet2 (LS) - United Kingdom
8J,JFU,Jet4You,Morocco,Jet4You (8J) - Morocco
B6,JBU,JetBlue Airways,United States,JetBlue Airways (B6) - United States
JF,JAF,Jetairfly,Belgium,Jetairfly (JF) - Belgium
0J,,Jetclub,Switzerland,Jetclub (0J) - Switzerland
JG,,Jetgo Australia,Australia,Jetgo Australia (JG) - Australia
JQ,JST,Jetstar Airways,Australia,Jetstar Airways (JQ) - Australia
3K,JSA,Jetstar Asia Airways,Singapore,Jetstar Asia Airways (3K) - Singapore
GK,JJP,Jetstar Japan,Japan,Jetstar Japan (GK) - Japan
BL,PIC,Jetstar Pacific,Vietnam,Jetstar Pacific (BL) - Vietnam
GX,JXX,Jetx Airlines,Iceland,Jetx Airlines (GX) - Iceland
LJ,JNA,Jin Air,Republic of Korea,Jin Air (LJ) - Republic of Korea
3B,,JobAir,Czech Republic,JobAir (3B) - Czech Republic
R5,JAV,Jordan Aviation,Jordan,Jordan Aviation (R5) - Jordan
KD,KNI,KD Avia,Russia,KD Avia (KD) - Russia
WA,KLC,KLM Cityhopper,Netherlands,KLM Cityhopper (WA) - Netherlands
KL,KLM,KLM Royal Dutch Airlines,Netherlands,KLM Royal Dutch Airlines (KL) - Netherlands
МИ,,KMV,Russia,KMV (МИ) - Russia
K4,CKS,Kalitta Air,United States,Kalitta Air (K4) - United States
RQ,KMF,Kam Air,Afghanistan,Kam Air (RQ) - Afghanistan
E2,KMP,Kampuchea Airlines,Cambodia,Kampuchea Airlines (E2) - Cambodia
V2,AKT,Karat,Russia,Karat (V2) - Russia
KV,MVD,Kavminvodyavia,Russia,Kavminvodyavia (KV) - Russia
M5,KEN,Kenmore Air,United States,Kenmore Air (M5) - United States
KQ,KQA,Kenya Airways,Kenya,Kenya Airways (KQ) - Kenya
IT,KFR,Kingfisher Airlines,India,Kingfisher Airlines (IT) - India
Y9,IRK,Kish Air,Iran,Kish Air (Y9) - Iran
KP,KIA,Kiwi International Air Lines,United States,Kiwi International Air Lines (KP) - United States
7K,KGL,Kogalymavia Air Company,Russia,Kogalymavia Air Company (7K) - Russia
K7,KBR,KoralBlue Airlines,Egypt,KoralBlue Airlines (K7) - Egypt
KE,KAL,Korean Air,Republic of Korea,Korean Air (KE) - Republic of Korea
ZC,KGO,Korongo Airlines,Congo (Kinshasa),Korongo Airlines (ZC) - Congo (Kinshasa)
K1,KOQ,Kostromskie avialinii,Russia,Kostromskie avialinii (K1) - Russia
7B,KJC,Krasnojarsky Airlines,Russia,Krasnojarsky Airlines (7B) - Russia
K9,KRI,Krylo Airlines,Russia,Krylo Airlines (K9) - Russia
GW,KIL,Kuban Airlines,Russia,Kuban Airlines (GW) - Russia
KU,KAC,Kuwait Airways,Kuwait,Kuwait Airways (KU) - Kuwait
GO,KZU,Kuzu Airlines Cargo,Turkey,Kuzu Airlines Cargo (GO) - Turkey
N5,KGZ,Kyrgyz Airlines,Kyrgyzstan,Kyrgyz Airlines (N5) - Kyrgyzstan
R8,KGA,Kyrgyzstan Airlines,Kyrgyzstan,Kyrgyzstan Airlines (R8) - Kyrgyzstan
MJ,LPR,L,Argentina,L (MJ) - Argentina
LR,LRC,LACSA,Costa Rica,LACSA (LR) - Costa Rica
KG,BNX,LAI - Linea Aerea IAACA,Venezuela,LAI - Linea Aerea IAACA (KG) - Venezuela
4M,DSM,LAN Argentina,Argentina,LAN Argentina (4M) - Argentina
LU,LXP,LAN Express,Chile,LAN Express (LU) - Chile
LP,LPE,LAN Peru,Peru,LAN Peru (LP) - Peru
LA,LAN,LATAM Airlines,Chile,LATAM Airlines (LA) - Chile
LO,LOT,LOT Polish Airlines,Poland,LOT Polish Airlines (LO) - Poland
YZ,YZZ,LSM AIRLINES,Russia,LSM AIRLINES (YZ) - Russia
LT,LTU,LTU International,Germany,LTU International (LT) - Germany
N6,JEV,Lagun Air,Spain,Lagun Air (N6) - Spain
QV,LAO,Lao Airlines,Lao Peoples Democratic Republic,Lao Airlines (QV) - Lao Peoples Democratic Republic
L7,LPN,Laoag International Airlines,Philippines,Laoag International Airlines (L7) - Philippines
NG,LDA,Lauda Air,Austria,Lauda Air (NG) - Austria
LQ,LAQ,Lebanese Air Transport,Lebanon,Lebanese Air Transport (LQ) - Lebanon
LI,LIA,Leeward Islands Air Transport,Antigua and Barbuda,Leeward Islands Air Transport (LI) - Antigua and Barbuda
LE,LTY,Liberty Airways,United States,Liberty Airways (LE) - United States
LN,LAA,Libyan Arab Airlines,Libya,Libyan Arab Airlines (LN) - Libya
8Z,LER,Linea Aerea de Servicio Ejecutivo Regional,Venezuela,Linea Aerea de Servicio Ejecutivo Regional (8Z) - Venezuela
LM,LAM,Linhas A,Mozambique,Linhas A (LM) - Mozambique
JT,LNI,Lion Air,Indonesia,Lion Air (JT) - Indonesia
::,:::,Llloyd Helicopters,Australia,Llloyd Helicopters (::) - Australia
LB,LLB,Lloyd Aereo Boliviano,Bolivia,Lloyd Aereo Boliviano (LB) - Bolivia
++,---,Lombards Air,South Africa,Lombards Air (++) - South Africa
L4,LJJ,Luchsh Airlines,Russia,Luchsh Airlines (L4) - Russia
HE,LGW,Luftfahrtgesellschaft Walter,Germany,Luftfahrtgesellschaft Walter (HE) - Germany
LH,DLH,Lufthansa,Germany,Lufthansa (LH) - Germany
CL,CLH,Lufthansa CityLine,Germany,Lufthansa CityLine (CL) - Germany
L1,,Lufthansa Systems,Germany,Lufthansa Systems (L1) - Germany
DV,LTF,Lufttaxi Fluggesellschaft,Germany,Lufttaxi Fluggesellschaft (DV) - Germany
L5,LTR,Lufttransport,Norway,Lufttransport (L5) - Norway
LG,LGL,Luxair,Luxembourg,Luxair (LG) - Luxembourg
5V,UKW,Lviv Airlines,Ukraine,Lviv Airlines (5V) - Ukraine
L2,LYC,Lynden Air Cargo,United States,Lynden Air Cargo (L2) - United States
6F,MKD,MAT Airways,Macedonia,MAT Airways (6F) - Macedonia
IN,MAK,MAT Macedonian Airlines,Macedonia,MAT Macedonian Airlines (IN) - Macedonia
9H,,MDLR Airlines,India,MDLR Airlines (9H) - India
OM,MGL,MIAT Mongolian Airlines,Mongolia,MIAT Mongolian Airlines (OM) - Mongolia
DM,,Maersk,Denmark,Maersk (DM) - Denmark
W5,IRM,Mahan Air,Iran,Mahan Air (W5) - Iran
M2,MZS,Mahfooz Aviation,Gambia,Mahfooz Aviation (M2) - Gambia
MH,MAS,Malaysia Airlines,Malaysia,Malaysia Airlines (MH) - Malaysia
Q2,,Maldivian,Maldives,Maldivian (Q2) - Maldives
TF,SCW,Malmö Aviation,Sweden,Malmö Aviation (TF) - Sweden
MA,MAH,Malév,Hungary,Malév (MA) - Hungary
RI,MDL,Mandala Airlines,Indonesia,Mandala Airlines (RI) - Indonesia
AE,MDA,Mandarin Airlines,Taiwan,Mandarin Airlines (AE) - Taiwan
JE,MNO,Mango,South Africa,Mango (JE) - South Africa
MP,MPH,Martinair,Netherlands,Martinair (MP) - Netherlands
M1,M1F,Maryland Air,United States,Maryland Air (M1) - United States
M7,MAA,MasAir,Mexico,MasAir (M7) - Mexico
Q4,,Mastertop Linhas Aereas,Brazil,Mastertop Linhas Aereas (Q4) - Brazil
L6,MAI,Mauritania Airlines International,Mauritania,Mauritania Airlines International (L6) - Mauritania
8M,MXL,Maxair,Sweden,Maxair (8M) - Sweden
MY,MXJ,Maxjet Airways,United States,Maxjet Airways (MY) - United States
MW,MYD,Maya Island Air,Belize,Maya Island Air (MW) - Belize
7Y,,Med Airways,Lebanon,Med Airways (7Y) - Lebanon
IM,MNJ,Menajet,Lebanon,Menajet (IM) - Lebanon
IG,ISS,Meridiana,Italy,Meridiana (IG) - Italy
MZ,MNA,Merpati Nusantara Airlines,Indonesia,Merpati Nusantara Airlines (MZ) - Indonesia
YV,ASH,Mesa Airlines,United States,Mesa Airlines (YV) - United States
XJ,MES,Mesaba Airlines,United States,Mesaba Airlines (XJ) - United States
7P,BTV,Metro Batavia,Indonesia,Metro Batavia (7P) - Indonesia
MX,MXA,Mexicana de Aviaci,Mexico,Mexicana de Aviaci (MX) - Mexico
DF,MJG,Michael Airlines,Puerto Rico,Michael Airlines (DF) - Puerto Rico
ME,MEA,Middle East Airlines,Lebanon,Middle East Airlines (ME) - Lebanon
JI,MDW,Midway Airlines,United States,Midway Airlines (JI) - United States
YX,MEP,Midwest Airlines,United States,Midwest Airlines (YX) - United States
2M,MDV,Moldavian Airlines,Moldova,Moldavian Airlines (2M) - Moldova
7M,ZTF,Mongolian International Air Lines,Mongolia,Mongolian International Air Lines (7M) - Mongolia
YM,MGX,Montenegro Airlines,Montenegro,Montenegro Airlines (YM) - Montenegro
3R,GAI,Moskovia Airlines,Russia,Moskovia Airlines (3R) - Russia
M9,MSI,Motor Sich,Ukraine,Motor Sich (M9) - Ukraine
N4,MTC,Mountain Air Company,Sierra Leone,Mountain Air Company (N4) - Sierra Leone
UB,UBA,Myanma Airways,Myanmar,Myanma Airways (UB) - Myanmar
8I,,Myway Airlines,Italy,Myway Airlines (8I) - Italy
N1,,N1,Peru,N1 (N1) - Peru
XB,NXB,NEXT Brasil,Brazil,NEXT Brasil (XB) - Brazil
P9,,Nas Air,Mali,Nas Air (P9) - Mali
XY,KNE,Nas Air,Saudi Arabia,Nas Air (XY) - Saudi Arabia
UE,NAS,Nasair,Eritrea,Nasair (UE) - Eritrea
N7,ROK,National Airlines,United States,National Airlines (N7) - United States
NA,NAL,National Airlines,United States,National Airlines (NA) - United States
9O,,National Airways Cameroon,Cameroon,National Airways Cameroon (9O) - Cameroon
NC,NJS,National Jet Systems,Australia,National Jet Systems (NC) - Australia
CE,NTW,Nationwide Airlines,South Africa,Nationwide Airlines (CE) - South Africa
ON,RON,Nauru Air Corporation,Nauru,Nauru Air Corporation (ON) - Nauru
1N,,Navitaire,United States,Navitaire (1N) - United States
-.,,Nazca,Peru,Nazca (-.) - Peru
RA,RNA,Nepal Airlines,Nepal,Nepal Airlines (RA) - Nepal
EJ,NEA,New England Airlines,United States,New England Airlines (EJ) - United States
2N,NTJ,NextJet,Sweden,NextJet (2N) - Sweden
NJ,,Nihon.jet,Japan,Nihon.jet (NJ) - Japan
X1,,Nik Airways,Saudi Arabia,Nik Airways (X1) - Saudi Arabia
HG,NLY,Niki,Austria,Niki (HG) - Austria
NP,NIA,Nile Air,Egypt,Nile Air (NP) - Egypt
KZ,NCA,Nippon Cargo Airlines,Japan,Nippon Cargo Airlines (KZ) - Japan
DD,NOK,Nok Air,Thailand,Nok Air (DD) - Thailand
Y7,,NordStar Airlines,Russia,NordStar Airlines (Y7) - Russia
JH,NES,Nordeste Linhas Aereas Regionais,Brazil,Nordeste Linhas Aereas Regionais (JH) - Brazil
6N,NRD,Nordic Regional,Sweden,Nordic Regional (6N) - Sweden
N0,,Norte Lineas Aereas,Argentina,Norte Lineas Aereas (N0) - Argentina
N9,,North Coast Aviation,Papua New Guinea,North Coast Aviation (N9) - Papua New Guinea
U7,,Northern Dene Airways,Canada,Northern Dene Airways (U7) - Canada
NW,NWA,Northwest Airlines,United States,Northwest Airlines (NW) - United States
J3,PLR,Northwestern Air,Canada,Northwestern Air (J3) - Canada
DY,NOZ,Norwegian Air Shuttle,Norway,Norwegian Air Shuttle (DY) - Norway
BJ,LBT,Nouvel Air Tunisie,Tunisia,Nouvel Air Tunisie (BJ) - Tunisia
M4,NOV,Nova Airline,Sudan,Nova Airline (M4) - Sudan
UQ,OCM,O'Connor Airlines,Australia,O'Connor Airlines (UQ) - Australia
CR,,OAG,United Kingdom,OAG (CR) - United Kingdom
O8,OHK,Oasis Hong Kong Airlines,Hong Kong,Oasis Hong Kong Airlines (O8) - Hong Kong
VC,VCX,Ocean Airlines,Italy,Ocean Airlines (VC) - Italy
O6,ONE,Oceanair,Brazil,Oceanair (O6) - Brazil
O2,,Oceanic Airlines,Guinea,Oceanic Airlines (O2) - Guinea
OA,OAL,Olympic Airlines,Greece,Olympic Airlines (OA) - Greece
WY,OMA,Oman Air,Oman,Oman Air (WY) - Oman
OY,OAE,Omni Air International,United States,Omni Air International (OY) - United States
N3,OMS,Omskavia Airline,Russia,Omskavia Airline (N3) - Russia
J1,,OneJet,United States,OneJet (J1) - United States
1L,OSY,Open Skies Consultative Commission,United States,Open Skies Consultative Commission (1L) - United States
O1,OAB,Orbit Airlines Azerbaijan,Azerbaijan,Orbit Airlines Azerbaijan (O1) - Azerbaijan
OI,ORC,Orchid Airlines,Australia,Orchid Airlines (OI) - Australia
R2,ORB,Orenburg Airlines,Russia,Orenburg Airlines (R2) - Russia
OX,OEA,Orient Thai Airlines,Thailand,Orient Thai Airlines (OX) - Thailand
OL,OLT,Ostfriesische Lufttransport,Germany,Ostfriesische Lufttransport (OL) - Germany
OJ,OLA,Overland Airways,Nigeria,Overland Airways (OJ) - Nigeria
O7,OZJ,Ozjet Airlines,Australia,Ozjet Airlines (O7) - Australia
PV,PNR,PAN Air,Spain,PAN Air (PV) - Spain
9Q,PBA,PB Air,Thailand,PB Air (9Q) - Thailand
PU,PUA,PLUNA,Uruguay,PLUNA (PU) - Uruguay
U4,PMT,PMTair,Cambodia,PMTair (U4) - Cambodia
Y5,PCE,Pace Airlines,United States,Pace Airlines (Y5) - United States
DJ,PBN,Pacific Blue,New Zealand,Pacific Blue (DJ) - New Zealand
8P,PCO,Pacific Coastal Airline,Canada,Pacific Coastal Airline (8P) - Canada
Q8,PEC,Pacific East Asia Cargo Airlines,Philippines,Pacific East Asia Cargo Airlines (Q8) - Philippines
PS,PSX,Pacific Southwest Airlines,United States,Pacific Southwest Airlines (PS) - United States
LW,NMI,Pacific Wings,United States,Pacific Wings (LW) - United States
PK,PIA,Pakistan International Airlines,Pakistan,Pakistan International Airlines (PK) - Pakistan
5P,,Pal airlines,Chile,Pal airlines (5P) - Chile
3D,PMK,Palair Macedonia,Macedonia,Palair Macedonia (3D) - Macedonia
NR,PIR,Pamir Airways,Afghanistan,Pamir Airways (NR) - Afghanistan
7Q,,Pan Am World Airways Dominicana,Dominican Republic,Pan Am World Airways Dominicana (7Q) - Dominican Republic
WQ,PQW,PanAm World Airways,United States,PanAm World Airways (WQ) - United States
PQ,PNF,Panafrican Airways,Ivory Coast,Panafrican Airways (PQ) - Ivory Coast
P8,PTN,Pantanal Linhas Aéreas,Brazil,Pantanal Linhas Aéreas (P8) - Brazil
HI,,Papillon Grand Canyon Helicopters,United States,Papillon Grand Canyon Helicopters (HI) - United States
I7,PMW,Paramount Airways,India,Paramount Airways (I7) - India
P4,,Patriot Airways,United States,Patriot Airways (P4) - United States
MM,APJ,Peach Aviation,Japan,Peach Aviation (MM) - Japan
PC,PGT,Pegasus Airlines,Turkey,Pegasus Airlines (PC) - Turkey
6D,,Pelita,Indonesia,Pelita (6D) - Indonesia
KS,PEN,Peninsula Airways,United States,Peninsula Airways (KS) - United States
PR,PAL,Philippine Airlines,Philippines,Philippine Airlines (PR) - Philippines
9R,VAP,Phuket Air,Thailand,Phuket Air (9R) - Thailand
PI,PDT,Piedmont Airlines (1948-1989),United States,Piedmont Airlines (1948-1989) (PI) - United States
9E,FLG,Pinnacle Airlines,United States,Pinnacle Airlines (9E) - United States
DP,PBD,Pobeda,Russia,Pobeda (DP) - Russia
PO,PAC,Polar Air Cargo,United States,Polar Air Cargo (PO) - United States
ЯП,,Polar Airlines,Russia,Polar Airlines (ЯП) - Russia
YQ,,Polet Airlines (Priv),Russia,Polet Airlines (Priv) (YQ) - Russia
PH,PAO,Polynesian Airlines,Samoa,Polynesian Airlines (PH) - Samoa
PD,POE,Porter Airlines,Canada,Porter Airlines (PD) - Canada
NI,PGA,Portugalia,Portugal,Portugalia (NI) - Portugal
BK,PDC,Potomac Air,United States,Potomac Air (BK) - United States
PW,PRF,Precision Air,Tanzania,Precision Air (PW) - Tanzania
FE,WCP,Primaris Airlines,United States,Primaris Airlines (FE) - United States
P0,,Proflight Commuter Services,Zambia,Proflight Commuter Services (P0) - Zambia
QF,QFA,Qantas,Australia,Qantas (QF) - Australia
QR,QTR,Qatar Airways,Qatar,Qatar Airways (QR) - Qatar
R6,,RACSA,Guatemala,RACSA (R6) - Guatemala
7V,ROB,ROYAL BRITAIN,United Kingdom,ROYAL BRITAIN (7V) - United Kingdom
1D,,Radixx Solutions International,United States,Radixx Solutions International (1D) - United States
RN,RAB,Rainbow Air,United States,Rainbow Air (RN) - United States
RM,RNY,Rainbow Air US,United States,Rainbow Air US (RM) - United States
RT,,Real Tonga,Tonga,Real Tonga (RT) - Tonga
4X,,Red Jet Mexico,Mexico,Red Jet Mexico (4X) - Mexico
WZ,RWZ,Red Wings,Russia,Red Wings (WZ) - Russia
V4,REK,Reem Air,Kyrgyzstan,Reem Air (V4) - Kyrgyzstan
9N,N78,Regional Air Iceland,Iceland,Regional Air Iceland (9N) - Iceland
FN,,Regional Airlines,Morocco,Regional Airlines (FN) - Morocco
ZL,RXA,Regional Express,Australia,Regional Express (ZL) - Australia
9J,CR1,Regionalia Chile,Chile,Regionalia Chile (9J) - Chile
2X,2K2,Regionalia Uruguay,Uruguay,Regionalia Uruguay (2X) - Uruguay
3C,CEA,RegionsAir,United States,RegionsAir (3C) - United States
RY,,Reno Sky,United States,Reno Sky (RY) - United States
RW,RPA,Republic Airlines,United States,Republic Airlines (RW) - United States
RH,RPH,Republic Express Airlines,Indonesia,Republic Express Airlines (RH) - Indonesia
C7,RLE,Rico Linhas A,Brazil,Rico Linhas A (C7) - Brazil
R4,,Rossiya,Russia,Rossiya (R4) - Russia
FV,SDM,Rossiya-Russian Airlines,Russia,Rossiya-Russian Airlines (FV) - Russia
RR,RFR,Royal Air Force,United Kingdom,Royal Air Force (RR) - United Kingdom
AT,RAM,Royal Air Maroc,Morocco,Royal Air Maroc (AT) - Morocco
R0,RPK,Royal Airlines,Pakistan,Royal Airlines (R0) - Pakistan
BI,RBA,Royal Brunei Airlines,Brunei,Royal Brunei Airlines (BI) - Brunei
69,,Royal European Airlines,United Kingdom,Royal European Airlines (69) - United Kingdom
RL,RFJ,Royal Falcon,Jordan,Royal Falcon (RL) - Jordan
RJ,RJA,Royal Jordanian,Jordan,Royal Jordanian (RJ) - Jordan
WR,HRH,Royal Tongan Airlines,Tonga,Royal Tongan Airlines (WR) - Tonga
P7,ESL,Russian Sky Airlines,Russia,Russian Sky Airlines (P7) - Russia
WB,RWD,RwandAir,Rwanda,RwandAir (WB) - Rwanda
RD,RYN,Ryan International Airlines,United States,Ryan International Airlines (RD) - United States
FR,RYR,Ryanair,Ireland,Ryanair (FR) - Ireland
YS,RAE,Régional,France,Régional (YS) - France
S7,SBI,S7 Airlines,Russia,S7 Airlines (S7) - Russia
SP,SAT,SATA Air Acores,Portugal,SATA Air Acores (SP) - Portugal
S4,RZO,SATA International,Portugal,SATA International (S4) - Portugal
YR,,SENIC AIRLINES,United States,SENIC AIRLINES (YR) - United States
5E,,SGA Airlines,Thailand,SGA Airlines (5E) - Thailand
XS,SIT,SITA,Belgium,SITA (XS) - Belgium
2C,,SNCF,France,SNCF (2C) - France
JX,SJX,STARLUX Airlines,Taiwan,STARLUX Airlines (JX) - Taiwan
1S,,Sabre,United States,Sabre (1S) - United States
1Z,,Sabre Pacific,Australia,Sabre Pacific (1Z) - Australia
4Q,,Safi Airlines,Afghanistan,Safi Airlines (4Q) - Afghanistan
SZ,,Salzburg arrows,Austria,Salzburg arrows (SZ) - Austria
ZS,SMY,Sama Airlines,Saudi Arabia,Sama Airlines (ZS) - Saudi Arabia
E5,BRZ,Samara Airlines,Russia,Samara Airlines (E5) - Russia
07,770,Samurai Airlines,Pakistan,Samurai Airlines (07) - Pakistan
S3,BBR,Santa Barbara Airlines,Venezuela,Santa Barbara Airlines (S3) - Venezuela
6W,SOV,Saratov Aviation Division,Russia,Saratov Aviation Division (6W) - Russia
HZ,SOZ,Sat Airlines,Kazakhstan,Sat Airlines (HZ) - Kazakhstan
SV,SVA,Saudia,Saudi Arabia,Saudia (SV) - Saudi Arabia
SK,SAS,Scandinavian Airlines (SAS),Sweden,Scandinavian Airlines (SAS) (SK) - Sweden
TR,TGW,Scoot,Singapore,Scoot (TR) - Singapore
TZ,SCO,Scoot,Singapore,Scoot (TZ) - Singapore
8S,,Scorpio Aviation,,Scorpio Aviation (8S)
BB,SBS,Seaborne Airlines,United States,Seaborne Airlines (BB) - United States
S1,SA1,Serbian Airlines,Serbia,Serbian Airlines (S1) - Serbia
ER,SEP,SereneAir,Pakistan,SereneAir (ER) - Pakistan
FS,STU,Servicios de Transportes A,Argentina,Servicios de Transportes A (FS) - Argentina
D2,,Severstal Air Company,Russia,Severstal Air Company (D2) - Russia
NL,SAI,Shaheen Air International,Pakistan,Shaheen Air International (NL) - Pakistan
SC,CDG,Shandong Airlines,China,Shandong Airlines (SC) - China
FM,CSH,Shanghai Airlines,China,Shanghai Airlines (FM) - China
ZH,CSZ,Shenzhen Airlines,China,Shenzhen Airlines (ZH) - China
S5,TCF,Shuttle America,United States,Shuttle America (S5) - United States
5M,SIB,Sibaviatrans,Russia,Sibaviatrans (5M) - Russia
3U,CSC,Sichuan Airlines,China,Sichuan Airlines (3U) - China
FT,SRH,Siem Reap Airways,Cambodia,Siem Reap Airways (FT) - Cambodia
ZP,AZQ,Silk Way Airlines,Azerbaijan,Silk Way Airlines (ZP) - Azerbaijan
MI,SLK,SilkAir,Singapore,SilkAir (MI) - Singapore
3M,,Silver Airways,United States,Silver Airways (3M) - United States
SQ,SIA,Singapore Airlines,Singapore,Singapore Airlines (SQ) - Singapore
1H,,Siren-Travel,Russia,Siren-Travel (1H) - Russia
1Q,,Sirena,Russia,Sirena (1Q) - Russia
R1,,Sirin,,Sirin (R1)
H2,SKU,Sky Airline,Chile,Sky Airline (H2) - Chile
XW,SXR,Sky Express,Russia,Sky Express (XW) - Russia
I6,SEQ,Sky Eyes,Thailand,Sky Eyes (I6) - Thailand
SX,SRK,Sky Work Airlines,Switzerland,Sky Work Airlines (SX) - Switzerland
Q7,,SkyBahamas Airlines,Bahamas,SkyBahamas Airlines (Q7) - Bahamas
NE,ESK,SkyEurope,Slovakia,SkyEurope (NE) - Slovakia
OO,SKW,SkyWest Airlines,United States,SkyWest Airlines (OO) - United States
BC,SKY,Skymark Airlines,Japan,Skymark Airlines (BC) - Japan
SI,SIH,Skynet Airlines,Ireland,Skynet Airlines (SI) - Ireland
6J,SNJ,Skynet Asia Airways,Japan,Skynet Asia Airways (6J) - Japan
5G,SSV,Skyservice Airlines,Canada,Skyservice Airlines (5G) - Canada
AL,SYX,Skywalk Airlines,United States,Skywalk Airlines (AL) - United States
JZ,SKX,Skyways Express,Sweden,Skyways Express (JZ) - Sweden
XR,,Skywest Australia,Australia,Skywest Australia (XR) - Australia
S0,OKS,Slok Air Gambia,Gambia,Slok Air Gambia (S0) - Gambia
6Q,SLL,Slovak Airlines,Slovakia,Slovak Airlines (6Q) - Slovakia
6Y,,SmartLynx Airlines,Latvia,SmartLynx Airlines (6Y) - Latvia
IE,SOL,Solomon Airlines,Solomon Islands,Solomon Airlines (IE) - Solomon Islands
SA,SAA,South African Airways,South Africa,South African Airways (SA) - South Africa
DG,SRQ,South East Asian Airlines,Philippines,South East Asian Airlines (DG) - Philippines
1K,,Southern Cross Distribution,Australia,Southern Cross Distribution (1K) - Australia
A4,SWD,Southern Winds Airlines,Argentina,Southern Winds Airlines (A4) - Argentina
76,SJS,Southjet,United States,Southjet (76) - United States
78,XAN,Southjet cargo,United States,Southjet cargo (78) - United States
77,ZCS,Southjet connect,United States,Southjet connect (77) - United States
WN,SWA,Southwest Airlines,United States,Southwest Airlines (WN) - United States
JK,JKK,Spanair,Spain,Spanair (JK) - Spain
SG,SEJ,SpiceJet,India,SpiceJet (SG) - India
NK,NKS,Spirit Airlines,United States,Spirit Airlines (NK) - United States
9S,CQH,Spring Airlines,China,Spring Airlines (9S) - China
UL,ALK,SriLankan Airlines,Sri Lanka,SriLankan Airlines (UL) - Sri Lanka
SJ,SJY,Sriwijaya Air,Indonesia,Sriwijaya Air (SJ) - Indonesia
S6,,Star Air,Denmark,Star Air (S6) - Denmark
7G,SFJ,Star Flyer,Japan,Star Flyer (7G) - Japan
2I,,Star Peru,Peru,Star Peru (2I) - Peru
DZ,,Starline.kz,Kazakhstan,Starline.kz (DZ) - Kazakhstan
NB,SNB,Sterling Airlines,Denmark,Sterling Airlines (NB) - Denmark
CB,,Suckling Airways,United Kingdom,Suckling Airways (CB) - United Kingdom
SD,SUD,Sudan Airways,Sudan,Sudan Airways (SD) - Sudan
SY,SCX,Sun Country Airlines,United States,Sun Country Airlines (SY) - United States
7L,ERO,Sun D'Or,Israel,Sun D'Or (7L) - Israel
XQ,SXS,SunExpress,Turkey,SunExpress (XQ) - Turkey
CQ,EXL,Sunshine Express Airlines,Australia,Sunshine Express Airlines (CQ) - Australia
WG,SWG,Sunwing Airlines,Canada,Sunwing Airlines (WG) - Canada
IU,SJV,Super Air Jet,Indonesia,Super Air Jet (IU) - Indonesia
SO,HKA,Superior Aviation,United States,Superior Aviation (SO) - United States
PY,SLM,Surinam Airways,Suriname,Surinam Airways (PY) - Suriname
WV,SWV,Swe Fly,Sweden,Swe Fly (WV) - Sweden
SM,SRL,Swedline Express,Sweden,Swedline Express (SM) - Sweden
LX,SWR,Swiss International Air Lines,Switzerland,Swiss International Air Lines (LX) - Switzerland
SR,SWR,Swissair,Switzerland,Swissair (SR) - Switzerland
TW,TWB,T'way Air,Republic of Korea,T'way Air (TW) - Republic of Korea
DT,DTA,TAAG Angola Airlines,Angola,TAAG Angola Airlines (DT) - Angola
T0,,TACA Peru,Peru,TACA Peru (T0) - Peru
VR,TCV,TACV,Portugal,TACV (VR) - Portugal
JJ,TAM,TAM Brazilian Airlines,Brazil,TAM Brazilian Airlines (JJ) - Brazil
PZ,LAP,TAM Mercosur,Paraguay,TAM Mercosur (PZ) - Paraguay
EQ,TAE,TAME,Ecuador,TAME (EQ) - Ecuador
QT,TPA,TAMPA,Colombia,TAMPA (QT) - Colombia
T8,,TAN,Argentina,TAN (T8) - Argentina
TP,TAP,TAP Air Portugal,Portugal,TAP Air Portugal (TP) - Portugal
RO,ROT,TAROM,Romania,TAROM (RO) - Romania
H3,T33,THREE,China,THREE (H3) - China
3V,TAY,TNT Airways,Belgium,TNT Airways (3V) - Belgium
8R,TIB,TRIP Linhas A,Brazil,TRIP Linhas A (8R) - Brazil
T1,TP3,TROPICAL LINHAS AEREAS,Brazil,TROPICAL LINHAS AEREAS (T1) - Brazil
TB,TUB,TUI Airlines Belgium,Belgium,TUI Airlines Belgium (TB) - Belgium
11,,TUIfly,Germany,TUIfly (11) - Germany
X3,HLX,TUIfly,Germany,TUIfly (X3) - Germany
6B,BLX,TUIfly Nordic,Sweden,TUIfly Nordic (6B) - Sweden
YI,,TUR Avrupa Hava YollarÄ±,Turkey,TUR Avrupa Hava YollarÄ± (YI) - Turkey
7J,,Tajik Air,Tajikistan,Tajik Air (7J) - Tajikistan
TQ,TDM,Tandem Aero,Moldova,Tandem Aero (TQ) - Moldova
SF,DTH,Tassili Airlines,Algeria,Tassili Airlines (SF) - Algeria
U9,TAK,Tatarstan Airlines,Russia,Tatarstan Airlines (U9) - Russia
T6,TVR,Tavrey Airlines,Ukraine,Tavrey Airlines (T6) - Ukraine
L9,TLW,Teamline Air,Austria,Teamline Air (L9) - Austria
T2,TCG,Thai Air Cargo,Thailand,Thai Air Cargo (T2) - Thailand
FD,AIQ,Thai AirAsia,Thailand,Thai AirAsia (FD) - Thailand
TG,THA,Thai Airways,Thailand,Thai Airways (TG) - Thailand
SL,TLM,Thai Lion Air,Thailand,Thai Lion Air (SL) - Thailand
9I,TKY,Thai Sky Airlines,Thailand,Thai Sky Airlines (9I) - Thailand
VZ,TVJ,Thai Vietjet Air,Thailand,Thai Vietjet Air (VZ) - Thailand
2H,,Thalys,Belgium,Thalys (2H) - Belgium
FQ,TCW,Thomas Cook Airlines,Belgium,Thomas Cook Airlines (FQ) - Belgium
MT,TCX,Thomas Cook Airlines,United Kingdom,Thomas Cook Airlines (MT) - United Kingdom
BY,TOM,Thomsonfly,United Kingdom,Thomsonfly (BY) - United Kingdom
3P,TNM,Tiara Air,Aruba,Tiara Air (3P) - Aruba
ZT,AWC,Titan Airways,United Kingdom,Titan Airways (ZT) - United Kingdom
TI,TOL,Tol-Air Services,United States,Tol-Air Services (TI) - United States
&T,T&O,Tom\\'s & co airliners,France,Tom\\'s & co airliners (&T) - France
9F,TLM,Tramm Airlines,Netherlands Antilles,Tramm Airlines (9F) - Netherlands Antilles
M8,TMW,Trans Maldivian Airways,Maldives,Trans Maldivian Airways (M8) - Maldives
AX,LOF,Trans States Airlines,United States,Trans States Airlines (AX) - United States
GE,TNA,TransAsia Airways,Taiwan,TransAsia Airways (GE) - Taiwan
YO,TYS,TransHolding System,Brazil,TransHolding System (YO) - Brazil
T9,TRZ,TransMeridian Airlines,United States,TransMeridian Airlines (T9) - United States
UN,TSO,Transaero Airlines,Russia,Transaero Airlines (UN) - Russia
TO,TVF,Transavia France,France,Transavia France (TO) - France
HV,TRA,Transavia Holland,Netherlands,Transavia Holland (HV) - Netherlands
TJ,,Transportes Aéreos Nacionales de Selva,Peru,Transportes Aéreos Nacionales de Selva (TJ) - Peru
9T,ABS,Transwest Air,Canada,Transwest Air (9T) - Canada
1E,,Travelsky Technology,China,Travelsky Technology (1E) - China
PM,TOS,Tropic Air,Belize,Tropic Air (PM) - Belize
UG,TUI,Tuninter,Tunisia,Tuninter (UG) - Tunisia
TU,TAR,Tunisair,Tunisia,Tunisair (TU) - Tunisia
3T,URN,Turan Air,Azerbaijan,Turan Air (3T) - Azerbaijan
TK,THY,Turkish Airlines,Turkey,Turkish Airlines (TK) - Turkey
T5,TUA,Turkmenistan Airlines,Turkmenistan,Turkmenistan Airlines (T5) - Turkmenistan
T7,TJT,Twin Jet,France,Twin Jet (T7) - France
VO,TYR,Tyrolean Airways,Austria,Tyrolean Airways (VO) - Austria
-+,--+,U.S. Air,United States,U.S. Air (-+) - United States
UF,UKM,UM Airlines,Ukraine,UM Airlines (UF) - Ukraine
US,USA,US Airways,United States,US Airways (US) - United States
UH,,US Helicopter Corporation,United States,US Helicopter Corporation (UH) - United States
BS,USG,US-Bangla Airlines,Bangladesh,US-Bangla Airlines (BS) - Bangladesh
U5,GWY,USA3000 Airlines,United States,USA3000 Airlines (U5) - United States
UT,UTA,UTair Aviation,Russia,UTair Aviation (UT) - Russia
UR,,UTair-Express,Russia,UTair-Express (UR) - Russia
UW,,UVT Aero,Russia,UVT Aero (UW) - Russia
6Z,UKS,Ukrainian Cargo Airways,Ukraine,Ukrainian Cargo Airways (6Z) - Ukraine
B7,UIA,Uni Air,Taiwan,Uni Air (B7) - Taiwan
UA,UAL,United Airlines,United States,United Airlines (UA) - United States
4H,UBD,United Airways,Bangladesh,United Airways (4H) - Bangladesh
5X,UPS,United Parcel Service,United States,United Parcel Service (5X) - United States
U6,SVR,Ural Airlines,Russia,Ural Airlines (U6) - Russia
E1,ES2,Usa Sky Cargo,United States,Usa Sky Cargo (E1) - United States
HY,UZB,Uzbekistan Airways,Uzbekistan,Uzbekistan Airways (HY) - Uzbekistan
VP,VSP,VASP,Brazil,VASP (VP) - Brazil
V1,VIA,VIA Líneas Aéreas,Argentina,VIA Líneas Aéreas (V1) - Argentina
2R,,VIA Rail Canada,Canada,VIA Rail Canada (2R) - Canada
NN,MOV,VIM Airlines,Russia,VIM Airlines (NN) - Russia
V6,,VIP Ecuador,Ecuador,VIP Ecuador (V6) - Ecuador
VG,VLM,VLM Airlines,Belgium,VLM Airlines (VG) - Belgium
RG,VRN,VRG Linhas Aereas,Brazil,VRG Linhas Aereas (RG) - Brazil
VF,VLU,Valuair,Singapore,Valuair (VF) - Singapore
LC,VLO,Varig Log,Brazil,Varig Log (LC) - Brazil
VM,VOA,Viaggio Air,Bulgaria,Viaggio Air (VM) - Bulgaria
VJ,VJC,VietJet Air,Vietnam,VietJet Air (VJ) - Vietnam
VN,HVN,Vietnam Airlines,Vietnam,Vietnam Airlines (VN) - Vietnam
VQ,VKH,Viking Hellas,Greece,Viking Hellas (VQ) - Greece
VX,VRD,Virgin America,United States,Virgin America (VX) - United States
VS,VIR,Virgin Atlantic,United Kingdom,Virgin Atlantic (VS) - United Kingdom
VA,VOZ,Virgin Australia,Australia,Virgin Australia (VA) - Australia
TV,VEX,Virgin Express,Belgium,Virgin Express (TV) - Belgium
VK,VGN,Virgin Nigeria Airways,Nigeria,Virgin Nigeria Airways (VK) - Nigeria
VH,VNP,Virgin Pacific,Fiji,Virgin Pacific (VH) - Fiji
YY,VWA,Virginwings,Germany,Virginwings (YY) - Germany
UK,VTI,Vistara,India,Vistara (UK) - India
ZG,VVM,Viva Macau,Macao,Viva Macau (ZG) - Macao
VB,VIV,VivaAerobus,Mexico,VivaAerobus (VB) - Mexico
XF,VLK,Vladivostok Air,Russia,Vladivostok Air (XF) - Russia
8K,K88,Voestar,Brazil,Voestar (8K) - Brazil
Y4,VOI,Volaris,Mexico,Volaris (Y4) - Mexico
VI,VDA,Volga-Dnepr Airlines,Russia,Volga-Dnepr Airlines (VI) - Russia
9V,VC9,Volotea Costa Rica,Costa Rica,Volotea Costa Rica (9V) - Costa Rica
DN,,Voronezhskie Airlanes,Russia,Voronezhskie Airlanes (DN) - Russia
6C,6CC,Vuela Cuba,Cuba,Vuela Cuba (6C) - Cuba
VY,VLG,Vueling,Spain,Vueling (VY) - Spain
7W,,Wayraper,Peru,Wayraper (7W) - Peru
WJ,WEB,WebJet Linhas A,Brazil,WebJet Linhas A (WJ) - Brazil
2W,WLC,Welcome Air,Austria,Welcome Air (2W) - Austria
PN,CHB,West Air China,China,West Air China (PN) - China
8O,,West Coast Air,Canada,West Coast Air (8O) - Canada
WS,WJA,WestJet,Canada,WestJet (WS) - Canada
^^,,Whitaker Air,Australia,Whitaker Air (^^) - Australia
WF,WIF,Widerøe,Norway,Widerøe (WF) - Norway
;;,,Wilderness Air,Australia,Wilderness Air (;;) - Australia
IV,JET,Wind Jet,Italy,Wind Jet (IV) - Italy
WM,,Windward Islands Airways,Netherlands Antilles,Windward Islands Airways (WM) - Netherlands Antilles
IW,WON,Wings Air,Indonesia,Wings Air (IW) - Indonesia
W6,WZZ,Wizz Air,Hungary,Wizz Air (W6) - Hungary
WU,WAU,Wizz Air Ukraine,Ukraine,Wizz Air Ukraine (WU) - Ukraine
WO,WOA,World Airways,United States,World Airways (WO) - United States
W1,WE1,World Experience Airline,Canada,World Experience Airline (W1) - Canada
1P,,Worldspan,United States,Worldspan (1P) - United States
XA,XAU,XAIR USA,United States,XAIR USA (XA) - United States
SE,SEU,XL Airways France,France,XL Airways France (SE) - France
MF,CXA,XiamenAir,China,XiamenAir (MF) - China
XN,,Xpressair,Indonesia,Xpressair (XN) - Indonesia
XP,CXP,Xtra Airways,United States,Xtra Airways (XP) - United States
YL,LLM,Yamal Airlines,Russia,Yamal Airlines (YL) - Russia
YH,,Yangon Airways Ltd.,Burma,Yangon Airways Ltd. (YH) - Burma
Y8,YZR,Yangtze River Express,China,Yangtze River Express (Y8) - China
Y0,,Yellow Air Taxi,United States,Yellow Air Taxi (Y0) - United States
Y1,,Yellowstone Club Private Shuttle,United States,Yellowstone Club Private Shuttle (Y1) - United States
YE,YEL,Yellowtail,United States,Yellowtail (YE) - United States
IY,IYE,Yemenia,Yemen,Yemenia (IY) - Yemen
3Q,CYH,Yunnan Airlines,China,Yunnan Airlines (3Q) - China
Z6,ZTT,ZABAIKAL AIRLINES,Russia,ZABAIKAL AIRLINES (Z6) - Russia
ZJ,,Zambezi Airlines,Zambia,Zambezi Airlines (ZJ) - Zambia
Q3,MBN,Zambian Airways,Zambia,Zambian Airways (Q3) - Zambia
ZN,ZNA,Zenith International Airline,Thailand,Zenith International Airline (ZN) - Thailand
Z2,,Zest Air,Philippines,Zest Air (Z2) - Philippines
C4,IMX,Zimex Aviation,Switzerland,Zimex Aviation (C4) - Switzerland
3J,WZP,Zip,Canada,Zip (3J) - Canada
Z4,OOM,Zoom Airlines,Canada,Zoom Airlines (Z4) - Canada
ZZ,,Zz,Belgium,Zz (ZZ) - Belgium
BT,BTI,airBaltic,Latvia,airBaltic (BT) - Latvia
BD,BMA,bmi,United Kingdom,bmi (BD) - United Kingdom
WW,BMI,bmibaby,United Kingdom,bmibaby (WW) - United Kingdom
DI,BAG,dba,Germany,dba (DI) - Germany
U2,EZY,easyJet,United Kingdom,easyJet (U2) - United Kingdom
АЯ,,Аэросервис,Russia,Аэросервис (АЯ) - Russia
